"id","DATE","Platform_id","Platform","Location_id","Location","Brand_id","Brand","Product_type","Category","MSL","Comp_flag","Web_Pid","Product","URL","Weight","Reseller_Name","buy_box_neno_osa","neno_osa","deno_osa","listing_percent","MRP","Selling_Price","Discount","Rating","Item_Id","Channel","Product_Subcategory","PPU","image_url","Sales","Qty_Sold","Inventory","DIH","Ad_Clicks","Ad_Impressions","Ad_Quantity_sold","Ad_sales","Ad_Spend","Organic_Impressions"
66350,"2026-03-01","2","Blinkit","1","Ahmedabad",1,"The Derma Co.","Gold","Face Care",0,0,"539563","10% Vitamin C Face Serum 30g","https://blinkit.com/prn/XYZ/prid/539563","30 g","","","","","","","","","",10149671,"QuickComm","Vitamin C",21.633333333333326,"",1298,2,"","",9.977528089887642,336.876404494382,3.1685393258426973,1186.629213483146,420.5438202247192,31.61745025422134
66408,"2026-03-01","2","Blinkit","1","Ahmedabad",1,"The Derma Co.","Gold","Face Care",0,0,"556704","10% Vitamin C Face Serum 10 g","https://blinkit.com/prn/XYZ/prid/556704","10 g","","","","","","","","","",10162657,"QuickComm","Vitamin C",30.77,"",2093,7,"","",1.6594827586206897,125.03448275862068,0.5129310344827587,169.5991379310345,118.64698275862068,1417.999141151716
66409,"2026-03-01","2","Blinkit","1","Other",1,"The Derma Co.","Gold","Face & Body moisturizers",0,0,"707555","1% Salicylic Acid Oil-Free Face Moisturizer","https://blinkit.com/prn/XYZ/prid/707555","50 g","","","","","","","","","",10257854,"QuickComm","Salicylic Acid",6.98,"",4886,14,"","","","","","","",0
66410,"2026-03-01","2","Blinkit","1","Pune",1,"The Derma Co.","Gold","Face & Body moisturizers",0,0,"707555","1% Salicylic Acid Oil-Free Face Moisturizer","https://blinkit.com/prn/XYZ/prid/707555","50 g","","","","","","","","","",10257854,"QuickComm","Salicylic Acid",6.98,"",3490,10,"","","","","","","",0
66427,"2026-03-01","2","Blinkit","1","Bhopal",1,"The Derma Co.","Gold","Face & Body moisturizers",0,0,"707555","1% Salicylic Acid Oil-Free Face Moisturizer","https://blinkit.com/prn/XYZ/prid/707555","50 g","","","","","","","","","",10257854,"QuickComm","Salicylic Acid",6.98,"",349,1,"","","","","","","",0
66435,"2026-03-01","2","Blinkit","1","Guwahati",1,"The Derma Co.","Gold","Face Care",0,0,"556704","10% Vitamin C Face Serum 10 g","https://blinkit.com/prn/XYZ/prid/556704","10 g","","","","","","","","","",10162657,"QuickComm","Vitamin C",30.77,"",598,2,"","",0.4741379310344828,35.72413793103449,0.14655172413793105,48.45689655172412,33.89913793103448,405.142611757633
66542,"2026-03-01","2","Blinkit","1","Visakhapatnam",1,"The Derma Co.","Gold","Sunscreen",0,0,"544136","1% Hyaluronic Sunscreen Aqua Gel 80g","https://blinkit.com/prn/XYZ/prid/544136","80 g","","","","","","","","","",10152772,"QuickComm","Hyaluronic Acid",8.1125,"",3245,5,"","","","","","","",0
66544,"2026-03-01","2","Blinkit","1","Other",1,"The Derma Co.","Gold","Sunscreen",0,0,"544136","1% Hyaluronic Sunscreen Aqua Gel 80g","https://blinkit.com/prn/XYZ/prid/544136","80 g","","","","","","","","","",10152772,"QuickComm","Hyaluronic Acid",8.1125,"",109681,169,"","","","","","","",0
66546,"2026-03-01","2","Blinkit","1","Chennai",1,"The Derma Co.","Gold","Sunscreen",0,0,"544136","1% Hyaluronic Sunscreen Aqua Gel 80g","https://blinkit.com/prn/XYZ/prid/544136","80 g","","","","","","","","","",10152772,"QuickComm","Hyaluronic Acid",8.1125,"",12331,19,"","","","","","","",0
66784,"2026-03-01","2","Blinkit","1","Ahmedabad",1,"The Derma Co.","Gold","Face Cleaning",0,0,"716071","TDC 2% Salicylic Acid Gel Face Wash","https://blinkit.com/prn/XYZ/prid/716071","100 g","","","","","","","","","",10263180,"QuickComm","Salicylic Acid",2.9899999999999998,"",2990,10,"","",6.229508196721312,287.42388758782204,2.693208430913349,709.320843091335,246.4332552693208,924.1539650270748
66798,"2026-03-01","2","Blinkit","1","Bhopal",1,"The Derma Co.","Gold","Sunscreen",0,0,"544136","1% Hyaluronic Sunscreen Aqua Gel 80g","https://blinkit.com/prn/XYZ/prid/544136","80 g","","","","","","","","","",10152772,"QuickComm","Hyaluronic Acid",8.1125,"",3245,5,"","","","","","","",0
66824,"2026-03-01","2","Blinkit","1","Dehradun",1,"The Derma Co.","Gold","Face Cleaning",0,0,"716071","TDC 2% Salicylic Acid Gel Face Wash","https://blinkit.com/prn/XYZ/prid/716071","100 g","","","","","","","","","",10263180,"QuickComm","Salicylic Acid",2.9899999999999998,"",3289,11,"","",6.852459016393442,316.16627634660415,2.962529274004684,780.2529274004683,271.07658079625287,1016.5693615297824
66827,"2026-03-01","2","Blinkit","1","Delhi",1,"The Derma Co.","Gold","Sunscreen",0,0,"544136","1% Hyaluronic Sunscreen Aqua Gel 80g","https://blinkit.com/prn/XYZ/prid/544136","80 g","","","","","","","","","",10152772,"QuickComm","Hyaluronic Acid",8.1125,"",31152,48,"","","","","","","",0
66851,"2026-03-01","2","Blinkit","1","Gurugram",1,"The Derma Co.","Gold","Hair Care",0,0,"699306","TDC Peptide- Stem Cell Hair Fall Control Shampoo","https://blinkit.com/prn/XYZ/prid/699306","200 g","","","","","","","","","",10251515,"QuickComm","Multi-Peptide",2.1946499999999998,"",1632,4,"","",1.391304347826087,98.26086956521742,0.5217391304347827,130.26086956521738,101.58260869565217,1132.8205723573458
66892,"2026-03-01","2","Blinkit","1","Bengaluru",1,"The Derma Co.","Gold","Face Cleaning",0,0,"716071","TDC 2% Salicylic Acid Gel Face Wash","https://blinkit.com/prn/XYZ/prid/716071","100 g","","","","","","","","","",10263180,"QuickComm","Salicylic Acid",2.9899999999999998,"",8073,27,"","",16.819672131147538,776.0444964871194,7.271662763466044,1915.1662763466043,665.3697892271666,2495.2157055731022
66900,"2026-03-01","2","Blinkit","1","Jodhpur",1,"The Derma Co.","Gold","Face Cleaning",0,0,"716071","TDC 2% Salicylic Acid Gel Face Wash","https://blinkit.com/prn/XYZ/prid/716071","100 g","","","","","","","","","",10263180,"QuickComm","Salicylic Acid",2.9899999999999998,"",897,3,"","",1.8688524590163937,86.22716627634662,0.8079625292740046,212.79625292740045,73.92997658079625,277.2461895081224
66902,"2026-03-01","2","Blinkit","1","Bhubaneswar",1,"The Derma Co.","Gold","Sunscreen",0,0,"544136","1% Hyaluronic Sunscreen Aqua Gel 80g","https://blinkit.com/prn/XYZ/prid/544136","80 g","","","","","","","","","",10152772,"QuickComm","Hyaluronic Acid",8.1125,"",1298,2,"","","","","","","",0
66916,"2026-03-01","2","Blinkit","1","Varanasi",1,"The Derma Co.","Gold","Sunscreen",0,0,"544136","1% Hyaluronic Sunscreen Aqua Gel 80g","https://blinkit.com/prn/XYZ/prid/544136","80 g","","","","","","","","","",10152772,"QuickComm","Hyaluronic Acid",8.1125,"",3245,5,"","","","","","","",0
66936,"2026-03-01","2","Blinkit","1","Bhagalpur",1,"The Derma Co.","Gold","Sunscreen",0,0,"544136","1% Hyaluronic Sunscreen Aqua Gel 80g","https://blinkit.com/prn/XYZ/prid/544136","80 g","","","","","","","","","",10152772,"QuickComm","Hyaluronic Acid",8.1125,"",1298,2,"","","","","","","",0
66939,"2026-03-01","2","Blinkit","1","Zirakpur",1,"The Derma Co.","Gold","Sunscreen",0,0,"544136","1% Hyaluronic Sunscreen Aqua Gel 80g","https://blinkit.com/prn/XYZ/prid/544136","80 g","","","","","","","","","",10152772,"QuickComm","Hyaluronic Acid",8.1125,"",1947,3,"","","","","","","",0
66959,"2026-03-01","2","Blinkit","1","Mumbai",1,"The Derma Co.","Gold","Sunscreen",0,0,"544136","1% Hyaluronic Sunscreen Aqua Gel 80g","https://blinkit.com/prn/XYZ/prid/544136","80 g","","","","","","","","","",10152772,"QuickComm","Hyaluronic Acid",8.1125,"",22715,35,"","","","","","","",0
66997,"2026-03-01","2","Blinkit","1","Mumbai",1,"The Derma Co.","Gold","Hair Care",0,0,"699306","TDC Peptide- Stem Cell Hair Fall Control Shampoo","https://blinkit.com/prn/XYZ/prid/699306","200 g","","","","","","","","","",10251515,"QuickComm","Multi-Peptide",2.1946499999999998,"",2040,5,"","",1.7391304347826089,122.82608695652169,0.6521739130434786,162.82608695652178,126.97826086956522,1416.025715446683
67021,"2026-03-01","2","Blinkit","1","Agra",1,"The Derma Co.","Gold","Face Cleaning",0,0,"716071","TDC 2% Salicylic Acid Gel Face Wash","https://blinkit.com/prn/XYZ/prid/716071","100 g","","","","","","","","","",10263180,"QuickComm","Salicylic Acid",2.9899999999999998,"",1196,4,"","",2.4918032786885247,114.9695550351288,1.0772833723653394,283.7283372365339,98.57330210772831,369.6615860108301
67024,"2026-03-01","2","Blinkit","1","Ranchi",1,"The Derma Co.","Gold","Face Cleaning",0,0,"716071","TDC 2% Salicylic Acid Gel Face Wash","https://blinkit.com/prn/XYZ/prid/716071","100 g","","","","","","","","","",10263180,"QuickComm","Salicylic Acid",2.9899999999999998,"",2093,7,"","",4.360655737704917,201.19672131147541,1.8852459016393446,496.52459016393453,172.50327868852463,646.9077755189525
67060,"2026-03-01","2","Blinkit","1","Delhi",1,"The Derma Co.","Gold","Face Care",0,0,"618857","Sali-Cinamide Anti-Acne Serum","https://blinkit.com/prn/XYZ/prid/618857","30 g","","","","","","","","","",10196722,"QuickComm","Sali-Cinamide",19.96666666666666,"",599,1,"","",1.157894736842105,44.578947368421055,0.5789473684210527,176.8947368421053,73.54736842105262,106.3740428130725
67122,"2026-03-01","2","Blinkit","1","Delhi",1,"The Derma Co.","Gold","Face Cleaning",0,0,"538610","The Derma 1% Salicylic Acid Gel Face Wash","https://blinkit.com/prn/XYZ/prid/538610","100 g","","","","","","","","","",10149007,"QuickComm","Salicylic Acid",2.9899999999999998,"",17342,58,"","",106.5766590389016,4931.459954233409,47.78032036613271,12610.421052631578,5206.037528604118,1850.342030758118
67128,"2026-03-01","2","Blinkit","1","Coimbatore",1,"The Derma Co.","Gold","Face Cleaning",0,0,"538610","The Derma 1% Salicylic Acid Gel Face Wash","https://blinkit.com/prn/XYZ/prid/538610","100 g","","","","","","","","","",10149007,"QuickComm","Salicylic Acid",2.9899999999999998,"",299,1,"","",1.8375286041189929,85.02517162471395,0.8237986270022885,217.42105263157893,89.75926773455376,31.90244880617443
67155,"2026-03-01","2","Blinkit","1","Jodhpur",1,"The Derma Co.","Gold","Face Cleaning",0,0,"538610","The Derma 1% Salicylic Acid Gel Face Wash","https://blinkit.com/prn/XYZ/prid/538610","100 g","","","","","","","","","",10149007,"QuickComm","Salicylic Acid",2.9899999999999998,"",1196,4,"","",7.35011441647597,340.10068649885585,3.2951945080091543,869.684210526316,359.03707093821504,127.60979522469775
67355,"2026-03-01","2","Blinkit","1","Ranchi",1,"The Derma Co.","Gold","Sunscreen",0,0,"557394","1% Hyaluronic Sunscreen Aqua Gel 30g","https://blinkit.com/prn/XYZ/prid/557394","30 g","","","","","","","","","",10163122,"QuickComm","Hyaluronic Acid",9.96666666666667,"",3887,13,"","","","","","","",0
67426,"2026-03-01","2","Blinkit","1","Delhi",1,"The Derma Co.","Gold","Sunscreen",0,0,"557394","1% Hyaluronic Sunscreen Aqua Gel 30g","https://blinkit.com/prn/XYZ/prid/557394","30 g","","","","","","","","","",10163122,"QuickComm","Hyaluronic Acid",9.96666666666667,"",25116,84,"","","","","","","",0
67441,"2026-03-01","2","Blinkit","1","Bengaluru",1,"The Derma Co.","Gold","Sunscreen",0,0,"557394","1% Hyaluronic Sunscreen Aqua Gel 30g","https://blinkit.com/prn/XYZ/prid/557394","30 g","","","","","","","","","",10163122,"QuickComm","Hyaluronic Acid",9.96666666666667,"",26611,89,"","","","","","","",0
67497,"2026-03-01","2","Blinkit","1","Kolkata",1,"The Derma Co.","Gold","Sunscreen",0,0,"557394","1% Hyaluronic Sunscreen Aqua Gel 30g","https://blinkit.com/prn/XYZ/prid/557394","30 g","","","","","","","","","",10163122,"QuickComm","Hyaluronic Acid",9.96666666666667,"",6578,22,"","","","","","","",0
67501,"2026-03-01","2","Blinkit","1","Amritsar",1,"The Derma Co.","Gold","Sunscreen",0,0,"557394","1% Hyaluronic Sunscreen Aqua Gel 30g","https://blinkit.com/prn/XYZ/prid/557394","30 g","","","","","","","","","",10163122,"QuickComm","Hyaluronic Acid",9.96666666666667,"",897,3,"","","","","","","",0
67518,"2026-03-01","2","Blinkit","1","Lucknow",1,"The Derma Co.","Gold","Face Care",0,0,"537594","2% SALICYLIC ACID SERUM 30 g","https://blinkit.com/prn/XYZ/prid/537594","30 g","","","","","","","","","",10148353,"QuickComm","Salicylic Acid",16.633333333333326,"",1497,3,"","",5.4626865671641776,227.50746268656715,1.4552238805970148,463.0522388059701,159.11641791044778,508.0006357517639
67537,"2026-03-01","2","Blinkit","1","Kochi",1,"The Derma Co.","Gold","Sunscreen",0,0,"557394","1% Hyaluronic Sunscreen Aqua Gel 30g","https://blinkit.com/prn/XYZ/prid/557394","30 g","","","","","","","","","",10163122,"QuickComm","Hyaluronic Acid",9.96666666666667,"",1196,4,"","","","","","","",0
67618,"2026-03-01","2","Blinkit","1","Gurugram",1,"The Derma Co.","Gold","Face Care",0,0,"537594","2% SALICYLIC ACID SERUM 30 g","https://blinkit.com/prn/XYZ/prid/537594","30 g","","","","","","","","","",10148353,"QuickComm","Salicylic Acid",16.633333333333326,"",3992,8,"","",14.567164179104479,606.6865671641791,3.8805970149253737,1234.8059701492539,424.310447761194,1354.6683620047036
67634,"2026-03-01","2","Blinkit","1","Other",1,"The Derma Co.","Gold","Face & Body moisturizers",0,0,"555994","Oil-Free Daily Face Moisturizer","https://blinkit.com/prn/XYZ/prid/555994","100 g","","","","","","","","","",10162153,"QuickComm","Hyaluronic Acid",3.4899999999999998,"",35249,101,"","",33.771875,3098.175,11.362500000000004,3366.1406249999995,2928.4634375000005,29344.78646272856
67652,"2026-03-01","2","Blinkit","1","Gurugram",1,"The Derma Co.","Gold","Face Care",0,0,"537595","The Derma Co 10% Niacinamide Serum 10 g","https://blinkit.com/prn/XYZ/prid/537595","10 g","","","","","","","","","",10148354,"QuickComm","Niacinamide",27.4,"",2490,10,"","",0.8262108262108264,52.364672364672366,0.14245014245014248,45.95441595441596,59.48433048433048,2784.969487585731
67671,"2026-03-01","2","Blinkit","1","Indore",1,"The Derma Co.","Gold","Face Care",0,0,"537595","The Derma Co 10% Niacinamide Serum 10 g","https://blinkit.com/prn/XYZ/prid/537595","10 g","","","","","","","","","",10148354,"QuickComm","Niacinamide",27.4,"",1245,5,"","",0.4131054131054132,26.182336182336183,0.07122507122507125,22.97720797720798,29.742165242165235,1392.4847437928654
67970,"2026-03-01","2","Blinkit","1","Patna",1,"The Derma Co.","Gold","Face Care",0,0,"537595","The Derma Co 10% Niacinamide Serum 10 g","https://blinkit.com/prn/XYZ/prid/537595","10 g","","","","","","","","","",10148354,"QuickComm","Niacinamide",27.4,"",996,4,"","",0.3304843304843305,20.94586894586894,0.05698005698005698,18.38176638176638,23.79373219373219,1113.9877950342925
67972,"2026-03-01","2","Blinkit","1","Karnal",1,"The Derma Co.","Gold","Face Care",0,0,"618907","TDC Micro-Tip Salicylic Acid Patches 1 sheet (12 patches)","https://blinkit.com/prn/XYZ/prid/618907","12 pcs","","","","","","","","","",10196764,"QuickComm","Salicylic Acid",26.58333333333332,"",319,1,"","",2.1242236024844727,47.92546583850932,0.950310559006211,298.5031055900621,40.72919254658387,3.290830796876359
68022,"2026-03-01","2","Blinkit","1","Ghaziabad",1,"The Derma Co.","Gold","Face Care",0,0,"537595","The Derma Co 10% Niacinamide Serum 10 g","https://blinkit.com/prn/XYZ/prid/537595","10 g","","","","","","","","","",10148354,"QuickComm","Niacinamide",27.4,"",2490,10,"","",0.8262108262108264,52.364672364672366,0.14245014245014248,45.95441595441596,59.48433048433048,2784.969487585731
68060,"2026-03-01","2","Blinkit","1","Bengaluru",1,"The Derma Co.","Gold","Face Care",0,0,"537595","The Derma Co 10% Niacinamide Serum 10 g","https://blinkit.com/prn/XYZ/prid/537595","10 g","","","","","","","","","",10148354,"QuickComm","Niacinamide",27.4,"",10209,41,"","",3.3874643874643877,214.69515669515667,0.584045584045584,188.41310541310537,243.885754985755,11418.374899101496
68062,"2026-03-01","2","Blinkit","1","Nashik",1,"The Derma Co.","Gold","Face Care",0,0,"618907","TDC Micro-Tip Salicylic Acid Patches 1 sheet (12 patches)","https://blinkit.com/prn/XYZ/prid/618907","12 pcs","","","","","","","","","",10196764,"QuickComm","Salicylic Acid",26.58333333333332,"",319,1,"","",2.1242236024844727,47.92546583850932,0.950310559006211,298.5031055900621,40.72919254658387,3.290830796876359
68165,"2026-03-01","2","Blinkit","1","Asansol",1,"The Derma Co.","Gold","Sunscreen",0,0,"631808","TDC 1% Hyaluronic Sunscreen Oil-Free Gel","https://blinkit.com/prn/XYZ/prid/631808","50 g","","","","","","","","","",10204017,"QuickComm","Hyaluronic Acid",9.98,"",499,1,"","",7.994638069705092,135.5469168900804,3.0536193029490617,1028.833780160858,126.72895442359248,0
68169,"2026-03-01","2","Blinkit","1","Other",1,"The Derma Co.","Gold","Sunscreen",0,0,"631808","TDC 1% Hyaluronic Sunscreen Oil-Free Gel","https://blinkit.com/prn/XYZ/prid/631808","50 g","","","","","","","","","",10204017,"QuickComm","Hyaluronic Acid",9.98,"",62874,126,"","",1007.3243967828419,17078.91152815013,384.7560321715817,129633.0563002681,15967.848257372656,0
68340,"2026-03-01","2","Blinkit","1","Jodhpur",1,"The Derma Co.","Gold","Face Cleaning",0,0,"544201","1% Kojic Acid Daily Face Wash","https://blinkit.com/prn/XYZ/prid/544201","100 g","","","","","","","","","",10152793,"QuickComm","Kojic Acid",2.9899999999999998,"",897,3,"","",1.2491961414790997,71.67202572347266,0.5836012861736336,151.59646302250803,77.92138263665593,352.4131131521595
68343,"2026-03-01","2","Blinkit","1","Visakhapatnam",1,"The Derma Co.","Gold","Face Cleaning",0,0,"544201","1% Kojic Acid Daily Face Wash","https://blinkit.com/prn/XYZ/prid/544201","100 g","","","","","","","","","",10152793,"QuickComm","Kojic Acid",2.9899999999999998,"",598,2,"","",0.8327974276527331,47.78135048231512,0.3890675241157556,101.06430868167203,51.94758842443729,234.9420754347732
68351,"2026-03-01","2","Blinkit","1","Ghaziabad",1,"The Derma Co.","Gold","Face Care",0,0,"718231","The Derma Co. 1% Kojic + Arbutin Sheet Mask","https://blinkit.com/prn/XYZ/prid/718231","20 g","","","","","","","","","",10264838,"QuickComm","Kojic Acid",7.45,"",149,1,"","",0.031746031746031744,7.746031746031745,0.015873015873015872,5.015873015873017,8.528571428571423,222.35523407675308
68413,"2026-03-01","2","Blinkit","1","Mumbai",1,"The Derma Co.","Gold","Face Care",0,0,"565775","TDC Sali-Cinamide Anti- Acne Face Serum_10g","https://blinkit.com/prn/XYZ/prid/565775","10 g","","","","","","","","","",10167983,"QuickComm","Sali-Cinamide",34.9,"",1396,4,"","","","","","","",0
